seller_id,seller_zip_code_prefix
0015a82c2db000af6aaaf3ae2ecb0532,9080
001cca7ae9ae17fb1caed9dfb1094831,29156
001e6ad469a905060d959994f1b41e4f,24754
002100f778ceb8431b7a1020ff7ab48f,14405
003554e2dce176b5555353e4f3555ac8,74565
004c9cd9d87a3c30c522c48c4fc07416,14940
00720abe85ba0859807595bbf045a33b,7070
00ab3eff1b5192e5f1a63bcecfee11c8,4164
00d8b143d12632bad99c0ad66ad52825,30170
00ee68308b45bc5e2660cd833c3f81cc,3333
00fc707aaaad2d31347cf883cd2dfe10,87025
010543a62bd80aa422851e79a3bc7540,1212
010da0602d7774602cd1b3f5fb7b709e,9710
011b0eaba87386a2ae96a7d32bb531d1,17580
01266d4c46afa519678d16a8b683d325,80250
013900e863eace745d3ec7614cab5b1a,80740
014c0679dd340a0e338872e7ec85666a,35180
014d9a685fd57276679edd00e07089e5,87015
0176f73cc1195f367f7b32db1e5b3aa8,14940
01bcc9d254a0143f0ce9791b960b2a47,76400
01c97ebb5cdac52891c0ed1c37ba0012,15804
01cf7e3d21494c41fb86034f2e714fa1,85603
01ed254b9ff8407dfb9d99ba1e17d923,8710
01fd077212124329bac32490e8ef80d9,14079
01fdefa7697d26ad920e9e0346d4bd1b,86050
0241d4d5d36f10f80c644447315af0bd,80330
0249d282d911d23cb8b869ab49c99f53,5676
024b564ae893ce8e9bfa02c10a401ece,3280
028872bfa080090a9d0abd4f1af168f8,33940
02a2272692e13558373c66db98f05e2e,20040
02b72cdeb9cfcc429f1af6f4e3f3b737,14940
02c988090b766852e088c69d7fb3b551,13473
02d35243ea2e497335cd0f076b45675d,59077
02dcd3e8e25bee036e32512bcf175493,32310
02ecc2a19303f05e59ce133fd923fff7,9121
02f5837340d7eb4f653d676c7256523a,80620
02f623a8eb246f3c5f7c2f96462654e6,18611
0307f7565ff85b299b6e5ef162b1b1a9,15085
0336182e1b3e92f029d5354832045fdf,14940
034b9387752bfa309f350a70cd45ffa3,89036
038b75b729c8a9a04b0d07cba7eabe86,12231
039b29ff3b3473435d0cd59040575de9,9443
039e6ad9dae79614493083e241147386,3560
03a2a6dcbe45d639c4dc2a0d24769c40,9340
03bd479e1d9484cdb14104d3023f7321,38401
0417b067eeab773d2f7061a726dc477f,89288
042573af89b6d931f672efaf789d8358,18015
04308b1ee57b6625f47df1d56f00eedf,88215
0432ead42b6c8a0bdf68154add917fdf,9320
044668ccd5316b12a7cf0d54a156e3e9,6016
04843805947f0fc584fc1969b6e50fe7,93900
048c2757535328e0d7dac690ad3c0aae,14406
04aa0a1c5ce6b222003403a3e11c3cc0,13150
04aba03279157f6d4e0fe8ccaf21963c,28470
04e38a233f726ef161074ab1c9b0399a,1239
04ee0ec01589969663ba5967c0e0bdc0,95910
04fdea0c111866e6cf812f1570d6b5bd,8411
0509040ea3fe50071181bbc359eb7738,31710
052577151711aec5c744fe12e66db3e1,89136
054694fa03fe82cec4b7551487331d74,15840
056b4ada5bbc2c50cc7842547dda6b51,26379
0570350b23eda5444f8d1d9544932058,5104
05730013efda596306417c3b09302475,88813
058cb5aeb36d7c0fcae20fc85d5e0a59,21635
058fd0aa2bfdb2274e05e1ae971dabb6,9020
05a48cc8859962767935ab9087417fbb,5372
05a940b4ecae36cadfd8e93bd9c43257,74305
05aebce0b5c8f0d41b29b686f2d05fd3,3962
05ca864204d09595ae591b93ea9cf93d,6465
05d2173d43ea568aa0540eba70d2ca76,37135
05e107217c7266362fd44b75b2cd4cc4,5353
05f51e13da97139648b8125c31e5f51b,31910
05feb94f19d094d4b0f9281f0b1d4c99,8752
05ff92fedb5be47920fea08e501238b9,98803
062c325cd6a2b87845fab56b4ec2eeae,8150
062ce95fa2ad4dfaedfc79260130565f,95913
06532f10282704ef4c69168b914b77be,87140
06579cb253ecd5a3a12a9e6eb6bf8f47,4007
066a6914e1ebf3ea95a216c73a986b91,85863
0691148aee60ca47977c187804f935ae,86010
0692610d8abe24f287e9fae90ea0bbee,2310
06a2c3af7b3aee5d69171b0e14f0ee87,65072
06bb3a2fe5e7b7a845b13e8fb91bd944,31844
06df0c10d34e459d9672bc77388742eb,87045
06e5eefc71ec47ae763c5c6f8db7064f,91350
07017df32dc5f2f1d2801e579548d620,58030
070d165398b553f3b4b851c216b8a358,3916
0725b8c0f3f906e58f70cbe76b7c748c,7023
0743a0239d764b9a0f959a57d07e36ab,3138
0747d5bb69f0586cc869d8af4c50f93e,28990
0761743cbffb25d7148189e9f1a5f03a,14096
077c5fae4bea9500e3737b16f71b9d3a,18052
0791d9fc1e30678ecf03d3e55fa108d3,30775
079d295dcbf06ee8bb1b65ba964eb2b6,2124
07a9bc7f61396b658ddf3ac534efe44c,2925
07bf9669d84d1f11be443a9dd938f698,4761
07d75e33f2750d97d467fb57e4dfdd8a,2117
07de60b03d150fb3ea09eab5da5e4c8b,14940
07e8e8fc5222bb358e6f259da3197074,4216
080102cd0a76b09e0dcf55fcacc60e05,31140
080199a181c46c657dc5aa235411be3b,6097
08061dc0fc165ed41288cc7acde738ee,6036
08084d990eb3f53af056ccbc1730c8a7,3612
081acf3de680d554796c9cf041be7bc2,33200
082e0bf4cb865a6533b1e8e498cc0255,18608
085f6f7e049c996695fb2074fe38d45e,12020
08633c14ef2db992c11f840f04fad4cd,9416
0873d9f8f36123f8d910f4760e788cfb,6465
0885aaf116795758dfeb5f1032487bcd,8541
0887a9f087bcd5d9f6642b52f897fc6c,11990
08ad4ac1388e4420ca531c3edfc46198,6663
08cdbae123ff67ca4e36d9d641ce0119,36504
08d0949a9a17c027262db1f3c450c26c,85804
08d1c9478fb0d7d7fcac9c0da4e82fc7,31110
08d2d642cf72b622b14dde1d2f5eb2f5,17512
08f5819815f3d06545011850bd70f0a8,11075
091065b789659bc3cd9af9cb3a6253ff,92120
0936e1837d0c79253456bbb2ffaaef10,2050
093805f8f2aeb63881444571e1f48f30,6236
094ced053e257ae8cae57205592d6712,14095
0951a6e282947e09cd47969f4ed0b47f,6763
09883d9ab71c8fe8a9bfc7fc3075b07e,8180
099095b050cfe8eb1ddff5317587e96e,3322
09bad886111255c5b5030314fc7f1a4a,1022
09f952a5f58d2285b0372551ae8f9b01,9725
0a198e95d32b1be2da9424c962a6ebfa,32260
0a82f5fb06a4fe4ac2cf7cb412ec71b8,5524
0a85ebe4e328db81ac9109781205e2f7,13205
0aa124728afc1131dff5655f4c6f487b,37135
0aa2205ca24f113f4658a5c536667426,4281
0ac4201fda2c68ebc0e47cb9423cf3c9,3345
0ad80de75c811326389cfb1daba7d45e,20261
0adac9fbd9a2b63cccaac4f8756c1ca8,13290
0ade5cc4a305ed7093a23f68ca47519c,81030
0aea4c6ae1505b3228ddf3dd7822ee5b,18080
0af2ab31141893d26aca5a404a537dab,3431
0af977692321d895349eded183341d28,11070
0afccdb8a34ee5c79f7c06faf2b4d56e,38400
0b09101900100c0e9d312861fad5a1b9,3168
0b0ddbc7b9d9584f442c7ac92b0ff6c9,7052
0b18d63d0cd1d723567903fd34a07df2,5141
0b1ca3ef18a63d7eb0c8897fa0849c08,18131
0b35c634521043bf4b47e21547b99ab5,84530
0b36063d5818f81ccb94b54adfaebbf5,89255
0b3f27369a4d8df98f7eb91077e438ac,7412
0b46f784306be7200ca1700aa55d819f,31210
0b64bcdb0784abc139af04077d49a20e,92420
0b90b6df587eb83608a64ea8b390cf07,87025
0bae85eb84b9fb3bd773911e89288d54,88301
0bb27263628258b8111a0262769fa9db,3077
0bb738e4d789e63e2267697c42d35a2d,18130
0be8ff43f22e456b4e0371b2245e4d01,4461
0bebbb2cea103a4a020c95d43fd7d754,2515
0bf0150d5b9d60d9cd2906003332f085,1547
0bfd0b434243adc5c2e1aa6baf19c6aa,22745
0c7533c71df861ec58ad7ff999ed0e8d,13270
0c7f30ae9b147eca07affbef92832a6a,84020
0c8380b62e38e8a1e6adbeba7eb9688c,37410
0cab2da43793a6f3c5ed8514c5f54627,80060
0cbcee27c791afa0cdcb08587a2013a8,37410
0d33a55da925bbf1ff02af5f6059fc7f,5632
0d4c8269e7f0401201794deef160edd6,14076
0d83f8e03188682112cc0d93523705cc,91150
0d85bbda9889ce1f7e63778d24f346eb,38414
0daf5180aa44356f60f8effa533b55a2,74043
0db783cfcd3b73998abc6e10e59a102f,11010
0dd184061fb0eaa7ca37932c68ab91c5,7031
0ddefe3c7a032b91f4e25b9c3a08fca1,9721
0df3984f9dfb3d49ac6366acbd3bbb85,32604
0dfbed20065e425d2eaefb101f9816c0,13660
0e44d110fa6a54e121cb2c095a77762f,7901
0e72c1a751b496722a6cb1f10653b62a,6280
0e982cff76cc0579f632cea8a0e38c9d,88316
0ea22c1cfbdc755f86b9b54b39c16043,35700
0eaa7e33d73809f1f925f7d07c506cbd,9111
0ebd97a106433a45a4aebe57c1799778,32240
0ec28cec4046a4a199b6de9b4c891d97,74110
0ed6ce5d87fd9c69eaacaeb778d67235,13473
0ee4fb99ac55ffbbc98795aa01b7f8fa,6539
0ef83d7d83ed97cd2a0049ac8be5f88a,80230
0f0c984a4a955310903b6b6008660bad,14403
0f519b0d2e5eb2227c93dd25038bfc01,14940
0f7eea709efdf942b5f95c7516dbacd7,19865
0f80a40c312b2472dca482cf50f5186f,18681
0f94588695d71662beec8d883ffacf09,88037
0fe2d9733ed841eb064503920015a8c0,19906
0ff83046c3fa22efee8ecf291888b191,95110
0ffa40d54288e4f3499b8780dd0f144f,19013
10076e5788b8ee532724bcd460baf762,14315
10089e9f2fd0c668a8fd4e52e1698888,15061
101921376b577a4540dc30e9009133ca,13505
101a3a003516bc11253298b2fad3cb65,13503
1025f0e2d44d7041d6cf58b6550e0bfa,3204
10264f60a8f0a4d2f30810f5c661c673,13090
1099a00e0ee3a50935e6c2447ca090c5,20921
10cdd491d1dbea8fb4ead97b19c334ce,37540
10ff823eda2b032e2c93d17a7d294736,17280
112453736dbe3889cfb74e1aaa0ba0c1,3520
1127b7f2594683f2510f1c2c834a486b,13087
11305281b50fff20ae8bb473f8e11876,36500
113e3a788b935f48aad63e1c41dac1bd,12570
116ccb1a1604bc88e4d234a8c23f33de,9850
11742f81550ac064cc9a40f67151d9ad,15810
117cfc326c6d50da67ca858ff5c0c852,25530
11938fcc75f6902fea1d0a6f72b54a57,89900
119c7f1a00ef43fad0e57604e76a747c,2614
119d1aef1b4144adba89163f6cd9f5d4,13920
11bfa66332777660bd0640ee84d47006,14085
11d4c477d09821164bca4f70a2eae031,14075
11eac105f3f90a9b87b19c89d91e24f3,7411
11fb6f6d341adbe19e81733701704635,4133
120476eb7a04c149d14772edaf5d9bf2,23954
1284de4ae8aa26997e748c851557cf0e,85301
128639473a139ac0f3e5f5ade55873a5,87050
128f9bfbe4c7d5185033914b1de3d39a,12940
12a8eb0f8d1cd3270695bf2a99f55966,4607
12b9676b00f60f3b700e83af21824c0e,95780
12c2ed9cded6138cf0c75f525f565fc7,11709
13074f016982ff2bd6c58ced8682f000,95705
131fcb0a0c9a47bba4474aacff0f14b7,1201
1336efc61c316ddf92c899eb817f7cae,19800
134285d1f41da5c13a756ee8142c8a4e,2523
134a288e7de827ec5ec62e3ec9c3a295,3168
134b867a0f7f8bbe6abf10f91874891e,13272
13511db12ac61e2f89c53b72a944a60b,95020
1352e06ae67b410cdae0b2a22361167b,26051
1354d51653f645349064725ed204e85e,1230
138dbe45fc62f1e244378131a6801526,2215
139157dd4daa45c25b0807ffff348363,3064
13c2ed7698b3ca92dad49e849219da59,84010
13d058e4eeac2ce8217660b2f8a05812,6080
13d95f0f6f73943d4ceffad0fc2cd32c,74473
13dd308f81fea30cc670c656b2b46cc3,13454
13e85aac53340018b40c2af68001b7e0,13920
13f57c12a00ed4610db646b913a7f5c6,11015
13fa2a6c6b9d0f43cb588d7c82117a12,3567
141440cad9341e553f8401c574a2aa38,85200
1430239a858e7682bbc43b20758af153,4087
1444c08e64d55fb3c25f0f09c07ffcf2,42738
1464afc72f696af775557a821c2e253f,28630
14a08204d03bb6b6bde8029f801ae0eb,1026
14d7985702e72162bbf13b6beb74ab2b,9131
14ee35374a7876217954b5fa08e50463,15015
14f2b3587172b9db894c9bad8dab520b,95240
152ee17e4c8aaf53dac99f3462e4999b,89248
154bdf805377afea75a3bd158e9eab10,14940
1554a68530182680ad5c8b042c3ab563,37580
157c3e4b42f81ac4a44e8b1ca2fe9876,3211
1588ac4010787100dddef64568f0ae35,87045
15aac934c58d886785ac1b17953ea898,29480
15ac3c501e2599e4917316fde5c5669a,4911
15aec03fe4cf30dfa574cf550f5ff5ff,21862
15b3b1b81484422eb41df68ac87f1f50,17047
15cd6eefe58588619aaed41dfa6621b1,35400
15ead3a5037a918ddb520dfe39a3d2b9,36401
15fa791d5e017f66402dc28c44480657,3307
160851d3ece7aa1a510f8d1a4bb8a8af,17400
16090f2ca825584b5a147ab24aa30c86,12940
160e4f13fd3a64b1b86807be88b5ffb0,83409
164a5a8794e6d42e14f55e447b12a3bc,85980
165b1235e9e9942cb5fae67103576fb0,14020
165fc07beebdcb6190fba8a06db2a449,87015
1660ad786c27fd935378b6192a90b417,9891
166e8f1381e09651983c38b1f6f91c11,88780
167fd940acebc789debd6eb418c46e38,14405
1690cada046eb7e92c12f98b1f8a8167,1303
16bdc8cefd0e32a6f0824d296c5ad14a,12903
1703bc09972dab9782e7a9194943b69f,37165
1710c3aaa9c6b44ec3883ee0fe300e21,9551
17306570e772e7718c92a562d33f5f1d,17250
173d56ffbd4c56cb80fc3615487d712b,11370
1746c1ae87ac63d530c7c943d0ac42e2,6501
1771297ac436903d1dd6b0e9279aa505,7025
1782ce2db72c3dda627d5e7c898104e1,6766
17908cf9b444ee34047cadd5c0f4a516,75124
17998cf586426bf0f2c3726cb0a4b211,30710
179d859f51292aac5c10806a356f7af9,9411
17a053fcb14bd219540cbde0df490be0,13843
17adeba047385fb0c67d8e90b4296d21,7052
17ca9b9e9b9ef8fdb529001b49ebb50f,32677
17e34d8224d27a541263c4c64b11a56b,14085
17eea220a40cc0d2c0c5346379682398,3565
17f51e7198701186712e53a39c564617,3908
180c3376aff0e43dd5788709df48a843,9911
1835b56ce799e6a4dc4eddc053f04066,14940
1838dd9b8977065acf51d95e0053ea7a,30882
184725737946a1a938bbbd1a9e978103,9370
184a67a8f9f63234d3a92340bbdb727f,89220
186cdd1b2df32caa72cfb410bba768d3,89295
189ca3538ce9f920cacf0f982cbe223b,3589
18a349e75d307f4b4cc646a691ed4216,1319
18e694e0e48ed6f7aa3f24aade5fd697,13224
1900267e848ceeba8fa32d80c1a5f5a8,14940
191d55f7edb8524d525ed01b20fe32e8,73020
1927cdb9fa74f5270097f6250e8e8f34,17511
19484c79cef6c062cb177aa4ef2fcc3c,13275
1961c3e1272bfeceb05d0b78b5bbfdaf,7241
1967a9e2ad6f51802b093147d861df58,1209
1976a05ecf2996d6ffb7b5430e635fe7,19806
1987cd4be10fe09ee50454f9c354d1c6,37570
198c7ea11960a9844b544d9bcdca860c,37590
1992f8fb6b19fcccd97ca819811e7267,1403
1996942dc085d7773ba77a529b163cd0,14850
19a7c9f66ffa6452ff4b4c0cca71da27,85880
19d62d484cba71963c93f0f00ab42013,89114
19e0f40a907ec568c34bfac15de4f4a1,13478
1a3df491d1c4f1589fc2b934ada68bf2,89224
1a6245add4353f18ed55138808906979,9694
1a8e2d9c38b84a9702ac7922924b0573,89245
1a932caad4f9d804097d7f8e615baed1,2976
1acde099eb406aa220b1169b188b42da,2532
1b0b0f4f95e962d6f32fe90c759d0479,2737
1b1ae47a313a825a7ccceb8e2e30fa9d,83450
1b45169b635ef59425637e9a33eb5fb3,87050
1b4b28463457a256e9a784ebe2a8f630,13418
1b4c3a6f53068f0b6944d2d005c9fc89,88730
1b61fb1f0f2185d89e9a126c498e9cc7,87015
1b65c144b17e607c0f37f10bb7dfec8d,89160
1b7e5006cb25dd23ce8686691013b121,2350
1b8356dabde1d35e17cef975c3f82730,3477
1b8b75e227c9a9c100d0c210fb6176ce,5468
1b938a7ec6ac5061a66a3766e0e75f90,16304
1bb2bdb95f4841f1bba2c0d2cd83d3c9,1257
1bb3812d5f0747a3ab7348f199001a10,4708
1bc2e21de46adfea6b98cc96b00f3b40,89228
1c129092bf23f28a5930387c980c0dfc,2972
1c40343cc5d18c2d8248ac2f3366de34,13482
1c56ffe0e9dea2657fc6e95b53f40b13,13575
1c5e4e49b9079480255b49d50aac1aa9,11030
1c68394e931a64f90ea236c5ea590300,87114
1c742ac33582852aaf3bcfbf5893abcf,30668
1c83418358f249c9d6affa52d579db0e,1420
1ca4bdb0cd7fc48e949bac066188ed26,36773
1ca7077d890b907f89be8c954a02686a,6506
1caf283236cd69af44cbc09a0a1e7d32,26020
1cbcd2ee0afb3fc09963b87eb65e7e4f,82640
1cbd32d00d01bb8087a5eb088612fd9c,3363
1cbd50a8c52e6cf8e315c5709fab386f,83830
1cbdc7cf130a41fd13a3c2a7d2fcfda7,37480
1cd9e0cc1839d55516843def5600816d,3951
1ce3ae5a399804d1a87e706f8a813c3e,88715
1d0646a72178a6fb37ee8082140e06ec,89203
1d0997ff06b524ce9289ffd75114ecd3,52020
1d139e3a3b14025640d8df1b230aace0,14860
1d1bbb8ac1581824986f582583fff01d,89082
1d2732ef8321502ee8488e8bed1ab8cd,20031
1d29dfba02015238dfbe2449a5eaa361,36576
1d4587203296c8f4ad134dc286fa6db0,5101
1d503743d2526f03f0c2c89540ee008c,1035
1d8dbc4f32378d715c717c1c1fc57bae,86706
1d953075c2f0dd990bacf27b83b330f1,30421
1da366cade6d8276e7d8beea7af5d4bf,36500
1da3aeb70d7989d1e6d9b0e887f97c23,4265
1dc2de47ee26a0a5b12dc14fd6dc0dea,14940
1dcfa3835714681d4ba4a93bc1e0fd41,16200
1dd33b8119b3cb1056ed5dc88cd0aaf4,4710
1de62b6f2fd96227629786db492433db,16021
1dfe5347016252a7884b694d4f10f5c4,14940
1e26c56af8d48424e1df0140a2401f83,13911
1e47d8b6546eb3a77b1acddcc9406242,13015
1e47defeeadeca0e9a18fa5a9311e735,15800
1e483cc5c76fef08d3ca05f9a8af7d01,2929
1e8b33f18b4f7598d87f5cbee2282cc2,2066
1e8c6a4c538f286aee9573239740a4b4,13251
1e9d5a33694bddb76316fd1f54734d20,78820
1eade46fba20122dc4aefb379f8c636b,2066
1f1bb1f0859883505541bdd6606193e5,2124
1f2eebc0e970fd3c463e4f5d9652687a,1311
1f50f920176fa81dab994f9023523100,15025
1f7dfad2cb384ea4d2d7e1ffbd78c407,1139
1f7fd2a6fcd5a6fa5d8a4dabc72aaae0,95800
1f867308a0ce13133a4e639ff4de0c02,82510
1f9ab4708f3056ede07124aad39a2554,17602
1fa2d3def6adfa70e58c276bb64fe5bb,4106
1fbe10c70e30765ed1de86d9f7e98409,9320
1fdc574883ef3b33ad41562d93f3a74a,13480
1fddcb7b326905d3ad5efe82187db347,2279
1fe5540d7c1c37a595fefbacd5570d9e,25850
1fe61aa5494bd3ae92a2c13e067c810f,89540
2009a095de2a2a41626f6c6d7722678d,15025
2039c5e51785b5dde7cf93ccb3b7be2c,14790
204b4e07bddef3c9b317f70189135b22,37564
2059c39f76271d4ca3f15b5ffaccc8b8,81930
20611af7866c6068fd5ae1f9dbe15c92,13660
2063dd1b9f568df1c16741ea7d3e6adb,85065
2075d8cd4dd63ff12df0749a5866bb06,80010
2078fe5066350e7d220c0ad3a3bbc6c1,86707
2089a6d640999f9b9141ac719b2af596,13566
20a7efa9721046319bdde5d60b6b5365,88790
20a8b0dc55da94fe74d112082427c84f,13312
20b54c376b794ed028df09a3cd88e8dc,9560
20cb7c2fde3e5bf10f0bbe7394e1c6a9,86385
20d53aad4fe5ee93a64f8839609d3586,37540
20d83f3ef0e6925fd74bfd59170babf7,2804
20f0aeea30bc3b8c4420be8ced4226c0,13456
20fd2d2080ed85fa67fad3fcbb2c1813,83405
2138ccb85b11a4ec1e37afbd1c8eda1f,8250
213b25e6f54661939f11710a6fddb871,13321
213fafb0ca06fb3d5886579c2565791b,35700
2156f2671501a81034d7d07f217609d0,4776
217f005bb37ff3aeef5b2ae1788e75ba,6038
218d46b86c1881d022bce9c68a7d4b15,14070
218f991754f360af9c2daa5e0b8e990c,1123
2199e7fe213c16213bf5d6a7eadc9a5d,11900
21c62b998a043ebe31161d38f84929fc,60110
21d59342ba150175ca2aa4f8faddeca6,8593
21e83881401b92b49fb09a16d3852291,38405
2235cf78d3e2073a88146a9cb60f0dd0,4547
226b05fe067266c59c15dae208213d06,81520
228e4c1a0be164f613d41c24345f9d2c,86360
229c3efbfb0ea2058de4ccdfbc3d784a,30190
22a23e5ac7061fc538cc2a019afaaf16,30310
22c32ec35d0116ef02c281798a25bf8b,87043
2305ab43e846518f58dd9d59f3f54e96,8452
232a6014e7b10cba61c6c2b2ea6bb4b0,16500
23613d49c3ac2bd302259e55c06c050c,13660
236585a4ddb5fea9fa40233e2249ed91,95088
2379bdc3888025689a9deb7b141507d5,13806
238fac594e170b59c6d228f5a4f4f1d9,17300
23a0ffca143a15b9b5bbdb7d552f626a,13520
23c38debaffe4a25a30fdbd9b586a13f,18110
23ca5f678e0b3ea6c630b30fa8bf51ea,2839
23d7c96d4a1160db1c726b248601b25a,13360
23ff42c4bf1f8f16cddb19d8b972974a,37975
240b9776d844d37535668549a396af32,24120
244b04680fdbded0acf5aebd9c92b44a,13211
244c2f1bff6afe1f2eaf9bfe9b2aed38,8832
247587846358bb1d2e4c6522020b36fe,15093
2493dc3f20131696a0ecdb9948051a8d,71065
249f0e9905a6e06ad6c6bea7547ab9f6,20950
24a6daf925d9d591870a66660416de31,14078
24c1de8d9551c0b4fbc53317d53efda8,58385
2528513dd95219a6013d4d05176e391a,6060
2528744c5ef5d955adc318720a94d2e7,13202
252e76235acb79183cfca6e34f13337d,13090
253c025bab43881055aeecde5e2d8b77,80620
253f95b3a0e6983ae18aed49fbc2b845,4141
257e61d3251fb5efb9daadddbc2cf7ca,86804
258447aad3f7b01e2643c89f64dc5647,87210
259f7b5e6e482c230e5bfaa670b6bb8f,8550
25be943a321c8938947bdaabca979a90,9725
25c5c91f63607446a97b143d2d535d31,35680
25cf099de44674fde97473224f9d59ab,6716
25debeafbce801fdd479539350185eee,17350
25e47381a6c510ddeb36084e33b89f0c,11720
25e6ffe976bd75618accfe16cefcbd0d,5503
262237171f48e85819065498cac80d7b,88352
2646baaf662d4d92ac48f047e35db92d,3303
26562f211dd1364af2a8596dc945e8ae,9785
265fdc289dffa9f1ad801c74f7d0de47,15155
26785a546900236d66f2e4197c211158,8430
269c5fc9fcadee614364c3620c30a1f9,7140
269cff2d3c8d205c11f37a52402ea93b,15803
26af45f5dfd967225a832838aa4e24a3,81070
26b482dccfa29bd2e40703ba45523702,13450
26bad72add1f86e08a776ce4ffdaf1ca,14470
26d6bbee02420494d471c9f6436929c0,81530
26d8a1c7c75d513045798992ead43aa2,86800
26e13b6ff5b641b329e5524241ee2c93,14401
26e2c91ef821e1ff8985f408788fe35b,14940
26e2e5033827d2ba53929f43e03d8ffe,2611
26f6b7ab07be3e9e69ce82a6552efc19,21070
270297ead4c65a6cd2593960d2af6b21,4696
270572bb714b00531be85e16e1550f26,9370
2709af9587499e95e803a6498a5a56e9,3813
270d3ef21830ad0ecf3a6c53d08a533a,6380
271b8923c6a549e02d3c9fd1f8c0422b,11704
271c58a1d139c45eaf3316107c6d3a3b,3632
272f092de69afedd4d2969440b37f18f,3265
2745f798279e0ed033addcc1474776d7,3106
276677b5d08786d5dce7c2149dcce48b,31730
278b6e0b20c4f61fefaa0577943d7a35,88316
27a56ff04b34c2ba34ce6ba4d3b9d616,13033
282c7480173bb9c01dd41cc739fec010,4795
282f23a9769b2690c5dda22e316f9941,31573
28405831a29823802aa22c084cfd0649,3644
28872dc528e978a639754bc8c2ce5a4c,95070
289cdb325fb7e7f891c38608bf9e0962,31570
28a26ebce31d5918b181ede016fd693b,31950
28c7d8743fbc8679f484868cc0fcaefb,18480
28d162ab86bb49d719c32f0ee6186eaa,14079
28ea411b354f14b1a494be4e79f0ce02,5685
28f10b1c5e5abb9d4857745bede6147c,4250
28fb0829fd777877cdc350d25cb5bd5b,15051
293dee954235e4e4e43f129313625ebe,72125
2953ce3a88f5e3c3b696d77fc9e4c8eb,4270
296729ffb9b684050dd24836dac4494a,80240
297d5eccd19fa9a83b2630071ff105e4,80710
299c89a525fee36c567f4fe72f038100,63540
29c322e3f09f886f8bacbe91dfbd979e,97110
29e6e05b65f93bc224c644319dc52ecf,36010
29fe9f200d3fa0c668d2aa1ec7e08dfb,88330
2a1348e9addc1af5aaa619b1a3679d6b,30494
2a167ca73899c85001a837d8fb4962f6,37540
2a261b5b644fa05f4f2700eb93544f2c,13660
2a50b7ee5aebecc6fd0ff9784a4747d6,72580
2a5b78b41cd05baeac8df54c6606b92c,35570
2a61c271b1ac763450d846849783e922,9175
2a6fbeaa7ab9e5d59a35841a8da71ce4,89259
2a73cba571d90c694b7caca072ccf6ce,9560
2a7c6c0b0d5efde2bf75ec1e1cec2d41,87015
2a7dc43cecabf23403078e2188437d1d,4142
2a84855fd20af891be03bc5924d2b453,30111
2aa3443d7bf9d9bb11133f420d75e083,22713
2aafae69bf4c41fbd94053d9413e87ee,91901
2addf05f476d0637864454e93ba673d5,70856
2b03ac196f5ed62ac483960fe0fa3b65,2510
2b1a40c1daabc6ca280c4b815c101841,35500
2b2fed75b8e5ea3a052fc4c0825da485,36015
2b3b9ce054da76a7428df143a567b156,3572
2b3e4a2a3ea8e01938cabda2a3e5cc79,4733
2b402d5dc42554061f8ea98d1916f148,44900
2b5ed0c9139dae8883a200dfcb272ece,4087
2ba91c7ad80ff88b23b7db823b43c233,13310
2bd05d410a8fd26dc4184a15f4f2f588,31130
2bdb95a56a36ebbc6640337ac5eac174,4054
2be17df1c49978426251562096c3cc09,88704
2bf28e311bba65237358230cabac3f15,86047
2bf6a2c1e71bbd29a4ad64e6d3c3629f,28615
2c00c85d30361cd2ced2969cffbbffa3,31160
2c2c9832d1bb38c5b0034a3b47d313ee,97050
2c3d56f92f360fb89d849b84e8f50eae,6420
2c43fb513632d29b3b58df74816f1b06,30421
2c4c47cb51acd5ea5db5e0ae0e26542a,15290
2c538755f1ca9540af144f266e70df6c,39801
2c54051840f19eca309a5423cf22df36,81830
2c9005d8043aff18b8557ffb7b13cda4,29304
2c9e548be18521d1c43cde1c582c6de8,8752
2cb4700db635baa1c0d4f90ed27b6669,81070
2cb6eb1b7185064167657fa09f541105,34710
2cb98e27ce1c18abdb42209b34c382a7,14085
2d20f1cd18725c91147da0791d498022,86040
2d22fc3089eb907b29ebff50581fb472,27972
2d2322d842118867781fc737e96d59a1,5879
2d2c62bef4c8ba0dd74e0e228e808539,14096
2d34636518ba88f5349b732fcf8ba2e4,1039
2d378dbb39815785238c0139c7647fb7,89240
2d42ebcda99fd55f6f4bc2f1ca035d50,76400
2d50d6282f8aa2257819a77bfaa0efe0,14940
2d518637f53161b973e01f56ea4bb88e,2992
2d8cfba3fcd3170555941605edaa196a,6080
2d9e8987a2ea5cf88dce330249043ff1,15155
2dcf93836ae3ce0d7c93e2f10876467a,12240
2dd1fb6f0e42a2243b8a01e40cd41216,80240
2dee2ce60de9709b1a24083217181a1f,78552
2e0dba2da448400b1c11d7b4b22f32a4,9070
2e13c71026e1a39ba5cc1b86dcb679aa,2265
2e1a7d075abe038c1b2743005fe42ff1,3461
2e1c9f22be269ef4643f826c9e650a52,4850
2e2f44824ab87a0cb961f68bf4073e7f,82315
2e3be8a987a30d7544dbbda6861cc14e,30620
2e7ea2aafec5835e781b21d6d1faf1f1,2820
2e90cb1677d35cfe24eef47d441b7c87,2285
2ea0861cc19e94cad86438c984c52da4,3731
2eb70248d66e0e3ef83659f71b244378,13101
2ec6e37d992a95eaddb3369dcbcc76d9,91310
2ee0a0689f2f6a72f35a7cb6033f6e7e,19025
2eeb6531ee027a48d401e72bebdd87d3,12230
2ef086a599b597572aca4433b7ed6b3d,89256
2f09f7d37a97956d11cc1a7cadd5262b,14090
2f1e7b90e01d9f086cbcb301c0c3d406,89022
2f3d8b4c9e2ee165075331fea3f3095a,88107
2f4b0d3b9634b647d4edee577d7ebb7e,2310
2f4b9d112bfa44a214bc6cef085d17c8,29600
2f73e04d12cdf0c945ded66bb3fcf6c7,29313
2f74af7a0ee5636f12c2336f9fffed47,2376
2f9b7ce230a057a98a9f5df5893ee36c,6460
2fa13c8bd5705d279f7ed5cc9ec61c68,4679
2fb25ab44bdbeae6a4d816e0d0c9d500,27274
2fdde51ad3e12f297da656d4fbd5d0b5,89228
2ff6b7bff164ef05590a52734e1296da,86060
2ff97219cb8622eaf3cd89b7d9c09824,13320
3076499bbc033a927bf4a8a41bcf7fd4,15350
3078096983cf766a32a06257648502d1,13720
30829ded4523ab9224b93bc49a62c95f,95360
3092c0b297aacfb4bb6e056ebe13b9b8,7402
30a2f535bb48308f991d0b9ad4a8c4bb,13457
30a81d8cf85fb2ada1b1b094c9583a95,3563
30c7f28fd3a5897b2c82d152bb760c17,24020
312ba1d77e9c332ef21f9598b7f64cd7,7179
31344c16881c08a8a72c6d2eb29918c1,36500
31561f325664a8a7aba4c8d0c3a9b3db,3287
318f287a62ab7ac10b703ac37435a231,4773
31ae0774c17fabd06ff707cc5bde005f,13478
31be790e64fc99f8ff48ec2bd18a3104,9690
31da954dc0855f2495c6310f70a2f931,13601
31e60bf8d103ce47932a85f5562deb16,74590
31eec405c9bb71dec8e2629a92e764fa,29300
323ce52b5b81df2cd804b017b7f09aa7,3306
324583d68897f5ddbaf38f6248322176,15046
325f3178fb58e2a9778334621eecdbf9,6790
327b89b872c14d1c0be7235ef4871685,69005
3289d8c3eef4873f91ce0b1343c0dd58,11701
328acb143b4a73aad6bee8e734f5d20d,85865
3296662b1331dea51e744505065ae889,15805
32b8764b4ef628b53608fc34011fcc13,88504
32e5635e63cb374eb63afdd242fb6134,22451
32f1bb9dfa65bc7df5c0d9d95a616be4,4705
32f83ffe11cd40f7adcf4eef171f52d9,97502
32fdd5d44ecb43dfd6a24b9369eca144,35557
3338e7a0710a195872be80e0d2423867,13403
333c4210e76a1aa2ab817b99437e3ff1,13880
3340ef1913fb70d28420f6ceb685c339,87040
334cab711dee080b079fa5779b584783,9190
33576ec5412fb5905d876f12f33bfde6,80040
3361277dc30b7cccdb0c286b24219756,87015
3364a91ec4d56c98e44174de954b94f6,76804
33a17d60c64393351ebf1ef860f4e0f2,91510
33a6f4b1e7cdc205511e76ba1b6e0186,7084
33ab10be054370c254ddfcf0a6253422,22790
33ac3e28642ab8bda860a2f693000e78,6717
33c51922b6e3c16b24a8f28e5833c99d,86010
33cbbec1e7e1044aaf11d152172c776f,95705
33cbda8716511e27e556dff9d8418bf2,89052
33d677f27a69b84051204ee4ae76eaca,89218
33dd941c27854f7625b968cc6195a552,29107
33fd411ed63a7c2f9005e3f065d9f85d,98290
34056b8b55c1775a22af2331670a799c,16304
340636a908b13bbe0f4fb63fbe1d0c03,12240
343e716476e3748b069f980efbaa294e,13033
3442033154be05bac582e173ef54fd12,5413
344223b2a90784f64136a8a5da012e7f,89117
3442f8959a84dea7ee197c632cb2df15,13023
34675b28b826facfde119785bf287dc1,85802
3481aa57cd91f9f9d3fa1fa12d9a3bf7,13360
3492e68f37fd1df87f4f2f2ea247f445,13322
34a557286ead8fe75c989e0afcf7d98c,14406
34aefe746cd81b7f3b23253ea28bef39,81210
34d1ca11b242c0fee2c834ae8d788566,36415
34f563c82a85b99ae9e6d60db5fc2e28,93700
3504c0cb71d7fa48d967e0e4c94d59d9,9350
35281d148dcf7134bae913c57db4e6da,5171
353e21e8bf8de2722b4fae1636664b76,92120
35857757f553273b1056c1cabdace7fb,14020
3586b8580d9c917874e053a1bb37b5ff,14802
35b96509602ec4b7da831b5cd73ff2c2,93040
35ef5aa32949680f627efec3c23e705c,88960
35fb511489d9ee3ee27a76debce9df06,86061
3606774ec64634822d78dc2db6d37045,9510
365e445f796710c3431557e85caa25db,4083
365e4bce19bda0082c3d15d83fdb8bcd,9570
36890be00bbfc1cdb9a4a38a6af05a69,6040
36a968b544695394e4e9d7572688598f,11010
36f98ad67cc981f50ce8aed093d5783c,85904
37303482a42fb700d8d127e70a9cd6c8,13070
373ee4a3a775a733770ca3f790b8b9ac,22793
37515688008a7a40ac93e3b2e4ab203f,17900
376a891762bbdecbc02b4b6adec3fdda,74323
376d67b61dce0c990155286e7ae486a4,4815
3771c85bac139d2344864ede5d9341e3,18087
377bc18334c78dd2f1535ef22a3ad225,83015
3785b653b1b82de85ab47dd139938091,85640
37be5a7c751166fbc5f8ccba4119e043,4248
37ceb404da208418c9032f0674e57804,4615
37dd29b36c458d82f74a953c40c43645,13480
38102b031c2a15e54623d711bfc753d3,62170
381c83fdca332ea6afd896da20bf6e4a,80010
3820c6537b3853be1a0687d5a60807ec,6717
382229d1e840115ffe3dbf5ff460e417,23092
385799a1cddbd26dfeb9157356a42282,4676
38874e327ce94d11390b96eb42d61928,8577
389e45560e33d2d0747f949dcddbc08e,12238
38af8acfd46ac4a7bf754e8ca6736664,4364
38e679b9e0064cd94c6f035707344dae,86010
38e6dada03429a47197d5d584d793b41,4763
38f276ca6e7cc95a6d1bb55ac9e5550f,17520
3903c788ded8dc03b5ebab37a2f3e9a1,6332
391bbd13b6452244774beff1824006ed,13082
391fc6631aebcf3004804e51b40bcf1e,14940
392353362d22cc2c236e1ee81ff19890,89069
392e0502231ae2f8b29994ef6398cd77,18760
392f7f2c797e4dc077e4311bde2ab8ce,21210
3935fe5fe0f82787a9dcb8deb62be09d,4905
3968920b9aa752ab98f7d5888c9252f2,17056
3969863bb8af7f72580b3b1ffd3a17b3,3550
397c4d0c005b6f41f90098ac724e28cb,9182
3985a3c45be355a4c57fde108bfabd1c,95690
3986c0b54f6b748b75e7bd4e092aa3e5,80250
398cb257329ef7af7f1943a8974a3cbc,40285
39a5005f2605cbdb4f9ac14485cabfd1,14780
39c763cca83e654764b7a4a650fb9b7c,74563
39d54ff918774174706fb065d7f9dc07,4243
39d61be7a92eb77b7da367bd4845bc0e,13420
39f776d2974049026ff531fc42ef2a3e,74835
3a1a1fec38dd360f15fc912e821e169d,2451
3a3c180dd702a725bd0ba4117689239e,84600
3a3e46d10f74d8a6ca76e2b538f106a0,2522
3a4127e1ba7208ea37044c5092aae170,8226
3a490ba60afa30ece0e7d50cfe74a4f0,31365
3a52d63a8f9daf5a28f3626d7eb9bd28,71900
3a734b715d333a2588a3d54a0c9b8746,6132
3a79f35a2344ede41af21267f61d5ec6,13040
3aa3c89ae3cd482385568be76120f63c,74343
3ab971ce71839580d2ae5b4e40fe8044,3210
3ac588cd562971392504a9e17130c40b,13480
3ade81dab5a172b88e1871c28ae05260,15076
3afc536624bc2e65bddfb5db33cc01f3,30150
3b15288545f8928d3e65a8f949a28291,14940
3b18f9856c6eb2413eafedb58e9eecd9,9280
3b872fd4747f01cc56206f2934198618,14940
3bb32fedaa74e4ad20f4ce067733bd31,88210
3bb548e3cb7f70f28e3f11ee9dce0e59,87040
3bdff180c7e1f6551a643b99c265a120,4811
3be5841cdcc46de4ed3f9116f104b2c5,6473
3be634553519fb6536a03e1358e9fdc7,8275
3bfad056cf05c00dabe2f895925d83b1,6033
3bfba5a77604f6dfae7e6dd7aaf65821,86046
3c010235b7345c92f125d14ee232a76b,83800
3c03b12bab54d8b37d79d914bfdb1aa0,25561
3c3017960b2dbd72711a61f0400aab8f,89251
3c487ae8f8d7542beff5788e2e0aea83,72460
3c4e0452bff7a2a788179488d3d77032,83408
3c7c4a49ec3c6550809089c6a2ca9370,3804
3c88ed2e76a2247933a15daa7161eb1c,13154
3ca08eeb8d5595949fed424bd3677742,82510
3cfa1358a6caa965278721344c8d76f2,9831
3d01d1c414c44b5943a09619ff3853cb,13040
3d0cd21d41671c46f82cd11176bf7277,89217
3d2400ac620cffa23ac81bd192f7f555,9810
3d2531eccfbde1d7c8db7a3a12fb267a,31340
3d290fe363c60a77498c1126fd3fb8d3,6694
3d39fbf22a665714baf62fae36029e23,13040
3d3ccf2b2f8134b10dce9dd446f0e075,14940
3d4824f20035949c710eaf111f869d39,18015
3d49bfdd1b43a7fe169b3740067acc61,39400
3d4b1ae7539303b5704493798893e82c,3244
3d5d0dc7073a299e31fa718ce1bc00b6,22785
3d621842b2ed28e2b474132480edac3c,8041
3d62f86afa7c73be2628a3be1423f5a0,12327
3d68c634a99a1ba46dbca3967a69c623,88270
3d700782d7818f2c1e0d7a9e9d75fc00,86170
3d871de0142ce09b7081e2b9d1733cb1,13232
3d8fa2f5b647373c8620330c4e077a9f,3031
3da38366e7bd9baf6369071f782ecdf0,60346
3db66a856d18a9cba7c9241fc5221c50,35430
3dbbce181edfaa4a597ec858c382d2ec,82515
3dc69bf2c42f0568a5c4791ec3fd3745,2880
3ded4e2d5f135cb103e5949d7263d2dd,37550
3df020b72d3d44b3af9d110fa3940b65,15704
3dfd3dc96f7f8598eca74e9ac8a2fa31,3343
3e35a8bb43569389d3cebef0ce820f69,3124
3e46a38ee171c503c3b4a3f23fe3bf0c,18040
3e51f9cbe317bc3a88f2c76583811ee4,8032
3e8bd881d92466e63ba9e3e809cd3c50,20751
3ea00e1dea2b0659dbaf654735929220,80020
3ea08c48e851106d2f584349daba335f,36201
3ef37b7ca6dd2b80bd8af81a62504996,1452
3f0e48d209018b466fcd3bb4ccfeb520,80215
3f2af2670e104d1bcb54022274daeac5,87240
3f3486b61f45078d4f31ee5e43d8c5bb,3035
3f8034bfc6b8b4135534975d49f04c63,81560
3f8247d0f772ffa58560e5c682521ad5,89211
3f84fefc07dc159b268d4a77d3e8c425,83833
3f995f07c49d0d55a99d5c54957f7d81,6853
3f9be91358837bff69df67edfa3e42e8,86039
3f9c56764fabca627406093dcb3ef0b4,22745
3fac58ce0ad699020c7944d53c41329c,3480
3fadb4cba4c35bce6a7eaf9872d5623a,95013
3faf68a3b0af94b10bac70d86077be49,13825
3fd1e727ba94cfe122d165e176ce7967,14802
3fe7120d6257285ac6a3ce7cb071ccec,35044
3febca52652e7209509ccfe61cbde40e,8596
3fefda3299e6dfaea3466ef346a3571a,82620
4003520d80d0bad1d5623f7aa3c63cda,20520
400f221ab83037c0ea78f1267da9624d,17700
402916f742e5c740cc751493d9cf5053,39740
403aa86912527d730337ffcb0fb096ab,30220
4049512728d969bec69f84088b012416,30310
404e1ba01358af4cd63f679b2c4d1fa1,36032
40536e7ca18e1bce252828e5876466cc,7747
406740ee611378a662d274c7d8c43c4a,29056
406822777a0b9eb5c50e442dd4cd3ec5,18500
4091f77d8c768fc3e81c20761471761d,3059
40d54b51e962dbe09cabbcfd33298dee,9230
40db9e9aa57f7bb151bcda6b0f9bdbb7,52010
40ec8ab6cdafbcc4f544da38c67da39a,85603
411f3b52d857390502ee4e4d5ceabc2d,9400
4125d9385a25e82d2f72d3a0fd55bc3f,11065
412a4720f3e9431b4afa1476a1acddbe,13060
4170f6a9367e6b5d6401d03ce6d54569,71906
417a1e6c7321084d2a0ae0d023cfad93,95885
41958cbd3335433c8740300e8cd600d5,5051
41ab63a91b8b264e8c8780368bf1dd5b,31555
41b14765bd56c8ad10971074380f9c0c,9070
41b39e28db005d9731d9d485a83b4c38,9220
41b86b552e54e3a7009596125aa8b167,2470
41c2bad7229b0c25e6becf179ebf63ff,59020
41c9d3997dd3c072c31139dc5bb5761f,38182
41da412d33e8da4f22baf55cb1bde82c,29260
41e0fa5761c886a630994a55c12087e7,11446
4200ddf1967c5e41e48db62bc6d4b5ac,9710
4221a7df464f1fe2955934e30ff3a5a1,48602
422be4cc81a457fdb46f47edeb968ae5,14940
427165bf50f8ca07efc7bdc2bfcf1688,13471
42b6488f5b8246d9141712abd4b1b693,87014
42b729f859728f5079499127a9c2ef37,3910
42bde9fef835393bb8a8849cb6b7f245,71551
42d4b7e70819438f5ada61c965e92d7e,74045
42ef3192a9ff87a22d1867b74b3ee205,9090
42fa4ee7240e9b8eb4576358ec142ba7,95012
42fb44130ac3134cde8e35cf8ec7df25,12995
430315b7bb4b6e4b3c978f9dfa9b0558,4857
4305fe92735c8a43d154ff6dd2b8d927,35170
431050a06a317f2b38168dec3dcd2b46,2475
431af27f296bc6519d890aa5a05fdb11,14110
4324dd16853115efb0fd9d0d131ba6f4,13720
432c37c9dfba871172ec162e20118b8c,70235
432c67955c0acd1fd6b0b5d678766a71,5571
43402bdf22aa2310e8f99e2f94f78628,9434
4342d4b2ba6b161468c63a7e7cfce593,22793
436bf27f2f18474fc6047702e9f8a866,13041
4371b634e0efc0e22b09b52907d9d469,2028
43753b27d77860f1654aa72e251a7878,44895
4391ea5c5990502176a1dcda44a2373d,91910
439a47cc365d6e3bd526812ea9de3c29,8730
43a1d4bab73b816e44ef4e4facd9f9b5,87050
43a5d4a57af536fddc96d08be3afdfcb,37006
43b2c864251aa0ce4030c746984e088a,71936
43f8c9950d11ecd03a0304a49e010da6,6341
44073f8b7e41514de3b7815dd0237f4f,71070
440dd6ab244315c632130ecfb63827b1,15502
443d880f15cbd3572885e1d44bf2c478,17506
4450bd8327d471c4a11a83d1445b1b62,6714
446cc09cdbb130904da114e807dbec40,5615
44717f64ec2a457979cf83c429077666,98780
447d377bdb757058acb569025ee18a93,99500
44ed138eca6214d572ce1d813fb0049b,92010
44f091b5abab8018f682fce8124b85e5,2281
45213867cefbf2cd4c6177e10216a951,13603
4559697a8f7e637227c2eeaed843baff,19029
455befea1bb853c75ccbca94cff26e5c,27525
455c5640e8c5bd1b2ee85c0158f85727,89128
455f46ef09a9e45667e2981df84b5cc2,18052
457fe919b032a3f7dadba6fb92cf7855,13140
458c6fa920810ce2492da71bc26d9eec,15813
458d868c9642f55f18f04e951a3fdde6,90670
45a3d05fb00435e52a28859dd03703b3,7176
45ba18c210d42734ec52c0c1c574e9ee,18130
45c20d94d9171b0bcfab3c955e47d67b,13490
45d33f715e24d15a6ccf5c17b3a23e3c,18015
461ff5303b6c9c1a4a07f40c5aece516,83323
466222e777149751370e7e98fb623b0c,20931
4677a5437afda5fa7140b927b07be1cc,84920
46dc3b2cc0980fb8ec44634e21d2718e,22240
46ef1a25845fc051c2998d878354810c,35530
4736e9d642ef4257cd7622516931eb51,13424
47648caee88ccfe951fbb27fbf7b4cbe,9931
478bfe564db21eeb44386606aa30b650,33600
47efca563408aae19bb7206c2d969ea9,64033
47f55702f598c7c6cc8458b0fbc1c49a,36213
48162d548f5b1b11b9d29d1e01f75a61,13403
4830e40640734fc1c52cd21127c341d4,3573
48328ec9a579151d9cc6a86d4a59336c,92310
483ca627d131e18f988349b1655c0acd,13800
48436dade18ac8b2bce089ec2a041202,27277
485452467ff670447e84a8370c3fc898,89190
4867209cb29b56b92893d7bde3ce8012,17209
4869f7a5dfa277a7dca6462dcf3b52b2,14840
48985c61529077fa4f1e38bcff0f2ed3,90020
48b6c3f4c6a93171da04b75313f2130f,17700
48bad451945f5227341793478d6353ea,1220
48e5ee06fb2dc74df1c711a9b6dfac2a,35540
48e954b2da4f6a750c844173b347ed40,91740
48efc9d94a9834137efd9ea76b065a38,81130
48fb026ed7455a42f5d3e9390ed5088e,27321
49067458c68f7701fd334ce326accbe0,36050
4917cee8d902e13428c3ec4b1ca6f315,89031
491a5ada3aa1678414e990262c4bbdc1,4208
49383af7ab774e4e8f3000f49c83dc4b,12080
4965a7002cca77301c82d3f91b82e1a9,18074
497709c2976a8fa308730a2dec5b0726,9981
4978a02ea9c8be7a9b5480680f40334e,8215
499185655c29ecfdbfe776ef7cf875b5,90520
4992e76a42cb3aad7a7047e0d3d7e729,3334
499ec63c58e51296c9cf57edcfe1c8a8,2918
49cdc90518a4f82676b38b3c1aa43ff6,3031
49e7217cfe4e427191c378ec626d8737,35570
49f8d2ea7b718d0ce587d34207caf2b4,9830
4a1917ef994878940e1fb03eeb787ad7,70610
4a1f694197d05fe70026b016a7316b41,13920
4a23adac87cf538689fa600d976f78b2,4537
4a3ca9315b744ce9f8e9374361493884,14940
4a3ccda38b2129705f3fb522db62ca31,17504
4a5b36211b1f51bf7eaa5c10a57fa483,24445
4a82168aaef173cbb6e46ae88728f919,84500
4a82c4af97ffc0fb2dc26bfdc03b1842,35590
4aba391bc3b88717ce08eb11e44937b2,45816
4aba6a02a788d3ec81c03137144d9a80,89460
4b0fdb526525f9890eb145bf1534640e,14940
4b1eaadf791bdbbad8c4a35b65236d52,14092
4b39558c138930b9e5489c93b6df5fe3,49055
4b5f66b7adcf57f1ecc0d3c07dd6b177,87025
4b90495391ac0bd181a80a459df1e718,96400
4b9750c8ad28220fe6702d4ecb7c898f,13484
4b98b0428fc1932cc2514ef9ce2505e6,6795
4ba52dfeba874da5b9ee7b17c7494f04,8790
4bc3d93e4a5f88a598d3d8ce4ae510b3,4564
4bcec44888b30ba9001234c534716d3f,9230
4bde6149c15cf7e177b36fa060dd6de8,99500
4be2e7f96b4fd749d52dff41f80e39dd,69900
4be6b962d83299498bae2190f95d6566,13561
4be9ae93c4fc0f41713d71a4194ee1b3,35500
4bf2f4ee540798a61f9636d12cd9cc80,19814
4bf658053d453036c70976bccb2c31b2,15070
4bfc7a4a1cf8d4d2121c27422d9e50b5,3111
4c03b9dd4c11ee2cb35c96c49efc9420,13232
4c18691b6037662be2df78a765d98ab5,3167
4c1c7281388a33dd06daac44f9fadbd1,17510
4c2b230173bb36f9b240f2b8ac11786e,3933
4c498c7345e89aebad651544829beca0,6341
4c4d546adf3c3868fe19c9ec6e9ffda9,87013
4c60877808f4318ef1107fbeb8f89afa,12940
4c61e37f664c3c88aff092aa5ac779d7,24020
4c8545742faaf58fafd5fd14d25d75cf,15603
4c8b8048e33af2bf94f2eb547746a916,14940
4cc43a222a0f94910728b62b97a8c5f8,14026
4cc4fd4fdd406a85bbdc1f824b731bd7,85906
4ce6e5f6c52515177e18c1c9361d8677,9895
4ce8b55b4bfa4659184e7becc1fba3f2,83823
4cf490a58259286ada5ba8525ba9e84a,14910
4d0041cdbe51b4617d95c70b19decc74,36052
4d232b78ab7ef10393dc3807d827bc0d,30120
4d600e08ecbe08258c79e536c5a42fee,85988
4d6d651bd7684af3fffabd5f08d12e5a,17209
4d6fb82c629c7a5028bfd973c07b05e0,31525
4d8809767a5bafe22909c77951fb6b41,6803
4d9fea3499bdc22aa4da4e339365f215,4209
4da0e408c99d2fdc2126dc9fce518060,86300
4dab98ca6cd6d3df586203cefd28a042,91150
4dbd95a08b31ede5c82d3f861cb1ce1a,80210
4dc2e811a1760953cb7c6a590b498943,17230
4dc646b9b9e8e411ef48ba000ea3ac6f,13272
4ddeb3e828550cddc8d45c8bc36ab2d1,1131
4de6e4ba574aa9dfdc824bc44dc47fdd,83402
4deebb3199eeafb282ae33229144f94b,2112
4e06067cc08b3f41d837768d392c3ee3,32604
4e0d109ccfba9a1151c103049880c857,25550
4e17c65a516f69d023a2ae78b84f28d6,8673
4e2627090e6e5b9fabba883a37897683,31565
4e326052e5dbba8adcd512f3450a307e,8020
4e42581f08e8cfc7c090f930bac4552a,13660
4e480be820e37de1444325ff358c9296,37410
4e5725ba188db8252977a4f0227bd462,14092
4e6015589b781adaa5ce7f1892d06bb1,11440
4e7c18b98d84e05cbae3ff0ff03846c2,14882
4e85b538b0dad58852641540686d0e14,12238
4e8dacf3d38f281ae26c3e0321d92d88,8420
4e922959ae960d389249c378d1c939f5,12327
4e92348462c75b6c842b994ce84a0ed4,94930
4ea2f12dbe91deeacd2c1e74f069a6e6,2334
4eb61f060e7dcc1d5a80d806c35cc541,5743
4ebdc7e6cd6102a022dadc49156d4ea8,5030
4eeb99008a0f59d2c7759c59f9a346eb,6807
4ef4c39cf3c24f326434cf0b2e48046a,5004
4f0d637c1197fd65405ebd755ac9f86b,6768
4f1f1c8666cdb6442f775c4e8caed465,30240
4f40d2ed38d1cc945364a7cd202a82c7,2337
4fae87d32467e18eb46e4a76a0a0b9ce,99670
4fb41dff7c50136976d1a5cf004a42e2,44002
4fe2f67634d00c021aa01f96b6f2d68e,87035
5011f0d93373a4c5753adf58ca77af8d,11013
503c1de08ae81a2d86f17951b204db55,3725
5058e8c1e82653974541e83690655b4a,8583
5075aaa8404020ae6aa8bf4792099b41,37706
50770d25768b0486d89be26afca3108f,9271
508808d438fe2ff972ed13bb8f4a82e2,3963
50a7e551a7b3f8d37cd6e32d8bfbe5ea,9520
50bf89f1349bc0409a268c3a49678009,15155
50c361bcf670d16f6df4d52de3dff924,4131
50c9975695009e5e6473912e83a6d1da,35530
51209b446b2073894bdc0face6c73ffc,29104
512d298ac2a96d1931b6bd30aa21f61d,20060
513a54369b6a8a6602fcb0e129c6d78d,9862
5145090ab595c0d0b8557199f5701fbf,82900
5151aea44289d6c6b090ee31c2132508,17515
515d781150feed28a6ac091bb0e3cb8c,79090
5160d23075764e18e07c1f4a87fad743,9720
516e7738bd8f735ac19a010ee5450d8d,22230
51702dc2a3e106c76dbff722b5bf0726,13835
5194c22ed1f616ec0c0f33c571542879,37540
519a7aa428f18d125a283cf8c014fdd6,89180
51a04a8a6bdcb23deccc82b0b80742cf,12914
51e0557bc7b86de13e946c60ee91ce39,31510
51e4e89242cbb846c2deff3dc015650e,96203
51ed72984a04e5dd35c2b27e77179038,15050
51f108f62cb87d61918159902c8f8583,85801
5206cc4bc2297c833e6061c49bf9c43f,6192
52092ddbd3a58c450a4459bf051b2287,17300
520b493b57809f446cb0a233bb3e25c7,11075
522620dcb18a6b31cd7bdf73665113a9,85801
5236605f4d4b0b3e4df85b850393fca0,3311
52454f90d4c30c016768db02f88c1a74,13091
52562a9f449c3dc3d53f5f5b9ed74903,59152
525e75a6fb1454a2325ab1734bcec221,6453
5275ca25d0358ca73864e0ae41be1320,7024
527801b552d0077ffd170872eb49683b,17400
52831e5990d0771cb4951d6f12928167,17600
528bcf6680c36dddf07620bd35b33a6f,3178
528ce32f560edd11add4169f6a5b65be,18130
